ID,WKT,Location
1,"POLYGON ((87.42144080712245 21.734095145457815,87.41989585472987 21.727238271648943,87.43088218285487 21.72548413511924,87.4322554738705 21.73297893247499,87.42144080712245 21.734095145457815))",sample
2,"POLYGON ((87.42393856161065 21.735405770756227,87.42282276266046 21.724881228477027,87.42908840291925 21.723525739000486,87.43046169393487 21.734130109700754,87.42393856161065 21.735405770756227))",sample
