{
    "loss": 1.6257586479187012,
    "accuracy": 0.5753999948501587
}